﻿Наименование материала;Продукция;Необходимое количество материала
Фанера 2200х1000 мм;Кресло детское цвет Белый и Розовый;0,85
Велюр 140 см;Кресло детское цвет Белый и Розовый;1,50
Шенилл 140 см;Кресло детское цвет Белый и Розовый;1,50
Рогожка 140 см;Кресло детское цвет Белый и Розовый;1,50
Металлокаркас для стула;Кресло детское цвет Белый и Розовый;1,00
Колесо для мебели поворотное;Кресло детское цвет Белый и Розовый;5,00
Газ-лифт;Кресло детское цвет Белый и Розовый;1,00
Металлическая крестовина для офисных кресел;Кресло детское цвет Белый и Розовый;1,00
Пластиковый комплект для стула;Кресло детское цвет Белый и Розовый;1,00
Фанера 2200х1000 мм;Кресло офисное цвет Черный;1,25
Экокожа 140 см;Кресло офисное цвет Черный;3,04
Шенилл 140 см;Кресло офисное цвет Черный;1,50
Рогожка 140 см;Кресло офисное цвет Черный;2,50
Металлокаркас для стула;Кресло офисное цвет Черный;1,00
Колесо для мебели поворотное;Кресло офисное цвет Черный;5,00
Газ-лифт;Кресло офисное цвет Черный;1,00
Металлическая крестовина для офисных кресел;Кресло офисное цвет Черный;1,00
Пластиковый комплект для стула;Кресло офисное цвет Черный;1,00
Фанера 2200х1000 мм;Кресло эргономичное цвет Темно-коричневый  ;1,85
Экокожа 140 см;Кресло эргономичное цвет Темно-коричневый  ;4,22
Велюр 140 см;Кресло эргономичное цвет Темно-коричневый  ;1,50
Металлокаркас для стула;Кресло эргономичное цвет Темно-коричневый  ;1,00
Колесо для мебели поворотное;Кресло эргономичное цвет Темно-коричневый  ;5,00
Газ-лифт;Кресло эргономичное цвет Темно-коричневый  ;1,00
Металлическая крестовина для офисных кресел;Кресло эргономичное цвет Темно-коричневый  ;1,00
Пластиковый комплект для стула;Кресло эргономичное цвет Темно-коричневый  ;1,00
ДСП 2750х1830 мм;Полка настольная;3,33
Кромка ПВХ;Полка настольная;6,00
Клееный массив дерева Дуб 1000х600 мм;Стеллаж для документов цвет Дуб светлый 854х445х2105 мм;2,90
Шпон облицовочный Дуб натуральный 2750х480 мм;Стеллаж для документов цвет Дуб светлый 854х445х2105 мм;1,70
МДФ 2070х1400 мм;Стеллаж для документов цвет Дуб светлый 854х445х2105 мм;2,70
ХДФ 2800x2070 мм;Стеллаж для документов цвет Дуб светлый 854х445х2105 мм;1,80
Клееный массив дерева Дуб 1000х600 мм;Стеллаж цвет Белый с ящиками 854х445х2105 мм;1,70
Шпон облицовочный Дуб натуральный 2750х480 мм;Стеллаж цвет Белый с ящиками 854х445х2105 мм;1,60
ХДФ 2800x2070 мм;Стеллаж цвет Белый с ящиками 854х445х2105 мм;1,80
ДСП 2750х1830 мм;Стеллаж цвет Орех 400х370х2000 мм;2,00
ДВП 1400х693;Стеллаж цвет Орех 400х370х2000 мм;0,80
Кромка ПВХ;Стеллаж цвет Орех 400х370х2000 мм;7,00
МДФ 2070х1400 мм;Стол для ноутбука на металлокаркасе 800х600х123 мм;5,95
Металлокаркас каркас из профиля с траверсами для стола;Стол для ноутбука на металлокаркасе 800х600х123 мм;1,00
ДСП 2750х1830 мм;Стол компьютерный 700х600х500 мм;4,30
Кромка ПВХ;Стол компьютерный 700х600х500 мм;8,60
МДФ 2070х1400 мм;Стол компьютерный на металлокаркасе 1400х600х750 мм;7,65
ХДФ 2800x2070 мм;Стол компьютерный на металлокаркасе 1400х600х750 мм;1,05
Металлокаркас каркас из профиля с траверсами для стола;Стол компьютерный на металлокаркасе 1400х600х750 мм;1,00
ДСП 2750х1830 мм;Стол письменный 1100x750x600 мм;6,40
Кромка ПВХ;Стол письменный 1100x750x600 мм;6,20
Фанера 2200х1000 мм;Стол письменный с тумбочкой 4 ящика 1100x750x600 мм;2,55
ДСП 2750х1830 мм;Стол письменный с тумбочкой 4 ящика 1100x750x600 мм;5,20
ДСП 2750х1830 мм;Стол письменный с тумбочкой 4 ящика 1100x750x600 мм;5,22
ДВП 1400х691;Стол письменный с тумбочкой 4 ящика 1100x750x600 мм;3,59
Кромка ПВХ;Стол письменный с тумбочкой 4 ящика 1100x750x600 мм;9,40
Цельный массив дерева Дуб 1000х600 мм;Стол руководителя письменный цвет Венге 1600x800x764 мм;3,50
Шпон облицовочный Дуб натуральный 2750х480 мм;Стол руководителя письменный цвет Венге 1600x800x764 мм;1,50
ХДФ 2800x2070 мм;Стол руководителя письменный цвет Венге 1600x800x764 мм;2,10
Закаленное стекло;Стол руководителя письменный цвет Венге 1600x800x764 мм;0,80
Цельный массив дерева Дуб 1000х600 мм;Стол руководителя письменный цвет Орех темный 2300x1000x750 мм;7,70
Шпон облицовочный Дуб натуральный 2750х480 мм;Стол руководителя письменный цвет Орех темный 2300x1000x750 мм;6,50
ДСП 2750х1830 мм;Стол руководителя письменный цвет Орех темный 2300x1000x750 мм;4,50
МДФ 2070х1400 мм;Стол руководителя письменный цвет Орех темный 2300x1000x750 мм;5,70
ХДФ 2800x2070 мм;Стол руководителя письменный цвет Орех темный 2300x1000x750 мм;2,30
Экокожа 140 см;Стол руководителя письменный цвет Орех темный 2300x1000x750 мм;1,74
ДСП 2750х1830 мм;Тумба выкатная 3 ящика;4,20
ДВП 1400х690;Тумба выкатная 3 ящика;2,21
Колесо для мебели поворотное;Тумба выкатная 3 ящика;4,00
Кромка ПВХ;Тумба выкатная 3 ящика;6,50
Клееный массив дерева Дуб 1000х600 мм;Тумба офисная для оргтехники;0,40
Колесо для мебели поворотное;Тумба офисная для оргтехники;4,00
Шпон облицовочный Дуб натуральный 2750х480 мм;Узкий пенал стеллаж 5 полок цвет Орех 364х326x2000 мм ;0,70
ДСП 2750х1830 мм;Узкий пенал стеллаж 5 полок цвет Орех 364х326x2000 мм ;7,65
ДВП 1400х694;Узкий пенал стеллаж 5 полок цвет Орех 364х326x2000 мм ;0,80
Кромка ПВХ;Узкий пенал стеллаж 5 полок цвет Орех 364х326x2000 мм ;6,30
Шпон облицовочный Дуб натуральный 2750х480 мм;Шкаф для книг 800x420x2000 мм;3,20
Фанера 2200х1000 мм;Шкаф для книг 800x420x2000 мм;3,50
ДВП 1400х692;Шкаф для книг 800x420x2000 мм;1,60
Закаленное стекло;Шкаф для книг 800x420x2000 мм;1,60
Шпон облицовочный Дуб натуральный 2750х480 мм;Шкаф для одежды цвет Венге 602x420x2000 мм;1,30
ДСП 2750х1830 мм;Шкаф для одежды цвет Венге 602x420x2000 мм;8,20
ХДФ 2800x2070 мм;Шкаф для одежды цвет Венге 602x420x2000 мм;1,30
Цельный массив дерева Дуб 1000х600 мм;Шкаф-витрина 2 ящика 800x420x2000 мм;1,80
Шпон облицовочный Дуб натуральный 2750х480 мм;Шкаф-витрина 2 ящика 800x420x2000 мм;3,50
ХДФ 2800x2070 мм;Шкаф-витрина 2 ящика 800x420x2000 мм;1,65
Закаленное стекло;Шкаф-витрина 2 ящика 800x420x2000 мм;1,60
