﻿Наименование материала;Тип материала;Цена единицы материала;Количество на складе;Минимальное количество;Количество в упаковке;Единица измерения
Цельный массив дерева Дуб 1000х600 мм;Дерево;7450,00;1500,00;500,00;7,20;м²
Клееный массив дерева Дуб 1000х600 мм;Дерево;4520,00;300,00;500,00;7,20;м²
Шпон облицовочный Дуб натуральный 2750х480 мм;Дерево;2500,00;2000,00;1500,00;19,80;м²
Фанера 2200х1000 мм;Древесная плита;2245,00;450,00;1000,00;52,80;м²
ДСП 2750х1830 мм;Древесная плита;529,60;1010,00;1200,00;181,08;м²
МДФ 2070х1400 мм;Древесная плита;417,24;1550,00;1000,00;87,00;м²
ДВП 2440х2050 мм;Древесная плита;187,00;1310,00;1000,00;190,00;м²
ХДФ 2800x2070 мм;Древесная плита;370,96;1400,00;1200,00;90,00;м²
Экокожа 140 см;Текстиль;1600,00;1200,00;1500,00;100,00;пог.м
Велюр 140 см;Текстиль;1300,00;1300,00;1500,00;100,00;пог.м
Шенилл 140 см;Текстиль;620,00;950,00;1500,00;100,00;пог.м
Рогожка 140 см;Текстиль;720,00;960,00;1500,00;100,00;пог.м
Закаленное стекло 2600х1800 мм;Стекло;1148,00;1000,00;500,00;196,56;м²
Металлокаркас для стула;Металл;1100,00;300,00;250,00;5,00;шт
Металлокаркас каркас из профиля с траверсами для стола;Металл;6700,00;100,00;100,00;1,00;шт
Колесо для мебели поворотное;Пластик;10,59;1500,00;1000,00;500,00;шт
Газ-лифт;Металл;730,00;500,00;250,00;5,00;шт
Металлическая крестовина для офисных кресел;Металл;2700,00;500,00;250,00;5,00;шт
Пластиковый комплект для стула;Пластик;900,00;300,00;250,00;100,00;шт
Кромка ПВХ;Пластик;35,80;1500,00;1000,00;100,00;м
